<publishData>
  <publishTarget publishUrl="C:\Application\Build_WebApp\i-dms.portal\">
    <file relUrl="saveUploader.aspx" publishTime="09/10/2010 13:58:56" />
    <file relUrl="img/fancy_nav_left.png" publishTime="03/28/2010 19:48:55" />
    <file relUrl="img/blank.gif" publishTime="03/28/2010 19:48:55" />
    <file relUrl="Js/jquery-1.4.1.min.js" publishTime="03/22/2010 17:59:17" />
    <file relUrl="Uploader1.aspx" publishTime="02/25/2011 09:43:33" />
    <file relUrl="img/fancy_title_main.png" publishTime="03/28/2010 19:48:55" />
    <file relUrl="img/ha-down.gif" publishTime="04/01/2010 11:13:31" />
    <file relUrl="Js/jquery.MultiFile.js" publishTime="08/02/2010 16:39:14" />
    <file relUrl="ClaimsList.aspx" publishTime="03/17/2011 11:08:44" />
    <file relUrl="Js/jquery.hoveraccordion.min.js" publishTime="04/01/2010 11:13:20" />
    <file relUrl="Css/scrollable-buttons.css" publishTime="03/24/2010 20:22:08" />
    <file relUrl="addRecovery2.aspx" publishTime="06/08/2011 10:32:18" />
    <file relUrl="schUnderwite.aspx" publishTime="08/10/2010 17:08:23" />
    <file relUrl="img/xls.jpg" publishTime="03/12/2010 09:40:24" />
    <file relUrl="img/fancy_shadow_s.png" publishTime="03/28/2010 19:48:55" />
    <file relUrl="img/file_deleted.gif" publishTime="03/16/2010 17:07:18" />
    <file relUrl="Css/style.css" publishTime="03/22/2010 17:59:55" />
    <file relUrl="img/zip.jpg" publishTime="03/12/2010 09:40:24" />
    <file relUrl="index.aspx" publishTime="07/02/2010 17:34:29" />
    <file relUrl="Web.config" publishTime="07/07/2011 10:58:38" />
    <file relUrl="img/fancy_close.png" publishTime="03/28/2010 19:48:55" />
    <file relUrl="img/fancy_title_over.png" publishTime="03/28/2010 19:48:55" />
    <file relUrl="schAllUnderwite.aspx" publishTime="08/10/2010 17:08:23" />
    <file relUrl="addUnderwite.aspx" publishTime="07/06/2010 16:44:28" />
    <file relUrl="img/fancy_title_left.png" publishTime="03/28/2010 19:48:55" />
    <file relUrl="Uploader2.aspx" publishTime="09/10/2010 14:13:58" />
    <file relUrl="img/scroll_right.png" publishTime="03/29/2010 13:51:11" />
    <file relUrl="img/doc.jpg" publishTime="03/12/2010 09:40:24" />
    <file relUrl="Upload.aspx" publishTime="07/06/2011 18:22:14" />
    <file relUrl="img/fancy_shadow_sw.png" publishTime="03/28/2010 19:48:55" />
    <file relUrl="img/fancy_title_right.png" publishTime="03/28/2010 19:48:55" />
    <file relUrl="Css/display.css" publishTime="05/11/2010 11:47:17" />
    <file relUrl="bin/WebUpLoads.pdb" publishTime="07/12/2011 11:45:01" />
    <file relUrl="Js/jquery.js" publishTime="04/01/2010 11:13:20" />
    <file relUrl="ifrUpLoads.aspx" publishTime="09/09/2010 16:32:31" />
    <file relUrl="img/hori_large.png" publishTime="03/24/2010 20:05:21" />
    <file relUrl="Js/jquery.blockUI.js" publishTime="03/08/2010 10:15:14" />
    <file relUrl="Js/urchin.js" publishTime="03/29/2010 11:15:46" />
    <file relUrl="bin/Aurigma.ImageUploader.dll" publishTime="09/01/2010 16:30:04" />
    <file relUrl="img/fancy_shadow_w.png" publishTime="03/28/2010 19:48:55" />
    <file relUrl="Js/j4d.js" publishTime="03/29/2010 13:42:51" />
    <file relUrl="schRecovery.aspx" publishTime="06/08/2011 11:04:41" />
    <file relUrl="img/fancy_shadow_e.png" publishTime="03/28/2010 19:48:55" />
    <file relUrl="ifrImg.aspx" publishTime="03/10/2011 13:37:45" />
    <file relUrl="Css/common.css" publishTime="09/10/2010 12:15:53" />
    <file relUrl="Js/jquery.tools.min.js" publishTime="03/22/2010 17:59:17" />
    <file relUrl="ifrDisplay.aspx" publishTime="03/08/2011 10:51:04" />
    <file relUrl="Css/jquery.fancybox-1.3.0.css" publishTime="08/03/2010 10:17:15" />
    <file relUrl="UploadDoc.aspx" publishTime="07/06/2011 19:22:50" />
    <file relUrl="schClaim.aspx" publishTime="03/17/2010 14:14:35" />
    <file relUrl="img/banner2.jpg" publishTime="03/16/2010 17:36:09" />
    <file relUrl="Js/jquery.mousewheel-3.0.2.pack.js" publishTime="03/22/2010 17:59:17" />
    <file relUrl="addRecovery.aspx" publishTime="06/02/2011 10:28:44" />
    <file relUrl="img/topicEnd.gif" publishTime="12/21/2010 13:07:20" />
    <file relUrl="Css/structure.css" publishTime="03/29/2010 13:29:50" />
    <file relUrl="Js/jquery.fancybox-1.3.0.pack.js" publishTime="03/22/2010 17:59:17" />
    <file relUrl="Js/prettify.js" publishTime="03/29/2010 11:15:46" />
    <file relUrl="img/folder_create.gif" publishTime="03/15/2010 11:27:07" />
    <file relUrl="img/fancy_shadow_nw.png" publishTime="03/28/2010 19:48:55" />
    <file relUrl="img/LMG-Insurance3.gif" publishTime="03/30/2010 10:43:58" />
    <file relUrl="Js/jquery.min.js" publishTime="03/29/2010 11:15:46" />
    <file relUrl="img/Switchuser.png" publishTime="03/30/2010 20:16:43" />
    <file relUrl="Css/j4d.css" publishTime="03/29/2010 13:52:28" />
    <file relUrl="img/topicSearch.gif" publishTime="12/21/2010 13:07:20" />
    <file relUrl="img/p.jpg" publishTime="03/12/2010 09:40:24" />
    <file relUrl="Css/base.css" publishTime="03/29/2010 10:54:17" />
    <file relUrl="schFinanceAgent.aspx" publishTime="12/28/2010 11:17:34" />
    <file relUrl="Default.aspx" publishTime="07/06/2010 16:22:48" />
    <file relUrl="Js/jquery.MetaData.js" publishTime="03/08/2010 10:15:14" />
    <file relUrl="Css/scrollable-navigator.css" publishTime="03/22/2010 17:59:55" />
    <file relUrl="img/pdf.jpg" publishTime="03/12/2010 09:40:24" />
    <file relUrl="Css/text.css" publishTime="03/29/2010 10:54:17" />
    <file relUrl="img/fancy_shadow_ne.png" publishTime="03/28/2010 19:48:55" />
    <file relUrl="menuDMS.aspx" publishTime="07/06/2010 16:23:06" />
    <file relUrl="img/ha-up.gif" publishTime="04/01/2010 11:13:31" />
    <file relUrl="img/fancy_nav_right.png" publishTime="03/28/2010 19:48:55" />
    <file relUrl="Js/chkKey.js" publishTime="06/28/2010 14:34:36" />
    <file relUrl="bin/WebLibrary.dll" publishTime="03/08/2010 16:41:30" />
    <file relUrl="img/Shutdown.png" publishTime="03/30/2010 20:16:43" />
    <file relUrl="Js/carousel.js" publishTime="03/29/2010 13:53:39" />
    <file relUrl="Css/global-0.25.css" publishTime="03/22/2010 17:59:55" />
    <file relUrl="ifrMoveFile.aspx" publishTime="07/05/2011 17:02:52" />
    <file relUrl="bin/ResizeImage.dll" publishTime="02/25/2010 17:04:56" />
    <file relUrl="DisplayImg.aspx" publishTime="07/04/2011 13:44:52" />
    <file relUrl="getList.aspx" publishTime="06/25/2010 17:34:19" />
    <file relUrl="Css/scrollable-horizontal.css" publishTime="03/24/2010 20:19:26" />
    <file relUrl="schFinanceReport.aspx" publishTime="04/01/2011 10:59:07" />
    <file relUrl="img/LMG-Insurance3error.gif" publishTime="07/02/2010 17:30:06" />
    <file relUrl="img/scroll_left.png" publishTime="03/29/2010 13:51:11" />
    <file relUrl="Css/override.css" publishTime="03/29/2010 10:54:17" />
    <file relUrl="Css/index.css" publishTime="06/29/2010 15:32:01" />
    <file relUrl="Css/colours.css" publishTime="03/29/2010 13:42:51" />
    <file relUrl="img/fancy_shadow_n.png" publishTime="03/28/2010 19:48:55" />
    <file relUrl="bin/WebUpLoads.xml" publishTime="07/12/2011 11:45:01" />
    <file relUrl="schPolicy.aspx" publishTime="07/05/2011 18:04:07" />
    <file relUrl="img/fancy_shadow_se.png" publishTime="03/28/2010 19:48:55" />
    <file relUrl="img/vert_large.png" publishTime="03/24/2010 20:05:21" />
    <file relUrl="bin/WebUpLoads.dll" publishTime="07/12/2011 11:45:01" />
    <file relUrl="Css/menu.css" publishTime="04/01/2010 13:04:41" />
    <file relUrl="DMSMaster.Master" publishTime="05/27/2011 16:12:52" />
    <file relUrl="bin/WebUpLoads.XmlSerializers.dll" publishTime="03/24/2010 16:27:18" />
    <file relUrl="img/fancy_loading.png" publishTime="03/28/2010 19:48:55" />
  </publishTarget>
  <publishTarget publishUrl="D:\i-DMS\">
    <file relUrl="img/fancy_nav_left.png" publishTime="03/28/2010 19:48:55" />
    <file relUrl="img/blank.gif" publishTime="03/28/2010 19:48:55" />
    <file relUrl="Js/jquery-1.4.1.min.js" publishTime="03/22/2010 17:59:17" />
    <file relUrl="img/fancy_title_main.png" publishTime="03/28/2010 19:48:55" />
    <file relUrl="img/ha-down.gif" publishTime="04/01/2010 11:13:31" />
    <file relUrl="Css/scrollable-horizontal.css" publishTime="03/24/2010 20:19:26" />
    <file relUrl="ClaimsList.aspx" publishTime="05/10/2010 14:21:29" />
    <file relUrl="Js/jquery.hoveraccordion.min.js" publishTime="04/01/2010 11:13:20" />
    <file relUrl="Css/scrollable-buttons.css" publishTime="03/24/2010 20:22:08" />
    <file relUrl="schUnderwite.aspx" publishTime="05/12/2010 09:54:51" />
    <file relUrl="Js/jquery.js" publishTime="04/01/2010 11:13:20" />
    <file relUrl="img/fancy_shadow_s.png" publishTime="03/28/2010 19:48:55" />
    <file relUrl="img/file_deleted.gif" publishTime="03/16/2010 17:07:18" />
    <file relUrl="Css/style.css" publishTime="03/22/2010 17:59:55" />
    <file relUrl="img/zip.jpg" publishTime="03/12/2010 09:40:24" />
    <file relUrl="index.aspx" publishTime="04/01/2010 15:59:48" />
    <file relUrl="Web.config" publishTime="03/31/2010 14:10:44" />
    <file relUrl="img/fancy_close.png" publishTime="03/28/2010 19:48:55" />
    <file relUrl="img/fancy_title_over.png" publishTime="03/28/2010 19:48:55" />
    <file relUrl="schAllUnderwite.aspx" publishTime="05/12/2010 09:54:51" />
    <file relUrl="addUnderwite.aspx" publishTime="05/10/2010 16:39:22" />
    <file relUrl="img/scroll_right.png" publishTime="03/29/2010 13:51:11" />
    <file relUrl="Upload.aspx" publishTime="05/12/2010 13:59:55" />
    <file relUrl="img/fancy_shadow_sw.png" publishTime="03/28/2010 19:48:55" />
    <file relUrl="img/fancy_title_right.png" publishTime="03/28/2010 19:48:55" />
    <file relUrl="Css/display.css" publishTime="05/11/2010 11:47:17" />
    <file relUrl="bin/WebUpLoads.pdb" publishTime="05/12/2010 19:01:11" />
    <file relUrl="ifrUpLoads.aspx" publishTime="05/12/2010 11:29:24" />
    <file relUrl="img/hori_large.png" publishTime="03/24/2010 20:05:21" />
    <file relUrl="Js/jquery.blockUI.js" publishTime="03/08/2010 10:15:14" />
    <file relUrl="img/fancy_shadow_w.png" publishTime="03/28/2010 19:48:55" />
    <file relUrl="Js/j4d.js" publishTime="03/29/2010 13:42:51" />
    <file relUrl="img/Switchuser.png" publishTime="03/30/2010 20:16:43" />
    <file relUrl="Js/jquery.tools.min.js" publishTime="03/22/2010 17:59:17" />
    <file relUrl="ifrDisplay.aspx" publishTime="05/12/2010 18:47:07" />
    <file relUrl="Css/jquery.fancybox-1.3.0.css" publishTime="03/28/2010 19:48:58" />
    <file relUrl="img/banner2.jpg" publishTime="03/16/2010 17:36:09" />
    <file relUrl="bin/ResizeImage.xml" publishTime="02/25/2010 17:04:56" />
    <file relUrl="Js/jquery.mousewheel-3.0.2.pack.js" publishTime="03/22/2010 17:59:17" />
    <file relUrl="Js/urchin.js" publishTime="03/29/2010 11:15:46" />
    <file relUrl="Css/structure.css" publishTime="03/29/2010 13:29:50" />
    <file relUrl="Js/jquery.fancybox-1.3.0.pack.js" publishTime="03/22/2010 17:59:17" />
    <file relUrl="bin/ResizeImage.dll" publishTime="02/25/2010 17:04:56" />
    <file relUrl="Css/colours.css" publishTime="03/29/2010 13:42:51" />
    <file relUrl="Js/prettify.js" publishTime="03/29/2010 11:15:46" />
    <file relUrl="img/folder_create.gif" publishTime="03/15/2010 11:27:07" />
    <file relUrl="img/fancy_shadow_nw.png" publishTime="03/28/2010 19:48:55" />
    <file relUrl="img/LMG-Insurance3.gif" publishTime="03/30/2010 10:43:58" />
    <file relUrl="img/fancy_shadow_e.png" publishTime="03/28/2010 19:48:55" />
    <file relUrl="Js/jquery.min.js" publishTime="03/29/2010 11:15:46" />
    <file relUrl="Css/j4d.css" publishTime="03/29/2010 13:52:28" />
    <file relUrl="img/p.jpg" publishTime="03/12/2010 09:40:24" />
    <file relUrl="Css/base.css" publishTime="03/29/2010 10:54:17" />
    <file relUrl="bin/ResizeImage.pdb" publishTime="02/25/2010 17:04:56" />
    <file relUrl="bin/WebLibrary.pdb" publishTime="03/08/2010 16:41:30" />
    <file relUrl="Js/jquery.MetaData.js" publishTime="03/08/2010 10:15:14" />
    <file relUrl="Js/jquery.MultiFile.js" publishTime="05/11/2010 11:38:45" />
    <file relUrl="Css/scrollable-navigator.css" publishTime="03/22/2010 17:59:55" />
    <file relUrl="img/pdf.jpg" publishTime="03/12/2010 09:40:24" />
    <file relUrl="Css/text.css" publishTime="03/29/2010 10:54:17" />
    <file relUrl="img/fancy_shadow_ne.png" publishTime="03/28/2010 19:48:55" />
    <file relUrl="menuDMS.aspx" publishTime="05/12/2010 09:51:59" />
    <file relUrl="img/ha-up.gif" publishTime="04/01/2010 11:13:31" />
    <file relUrl="img/fancy_nav_right.png" publishTime="03/28/2010 19:48:55" />
    <file relUrl="Js/chkKey.js" publishTime="03/24/2010 20:10:57" />
    <file relUrl="bin/WebLibrary.dll" publishTime="03/08/2010 16:41:30" />
    <file relUrl="img/Shutdown.png" publishTime="03/30/2010 20:16:43" />
    <file relUrl="img/x.jpg" publishTime="03/12/2010 09:40:24" />
    <file relUrl="Js/carousel.js" publishTime="03/29/2010 13:53:39" />
    <file relUrl="ifrMoveFile.aspx" publishTime="05/11/2010 17:49:47" />
    <file relUrl="img/fancy_title_left.png" publishTime="03/28/2010 19:48:55" />
    <file relUrl="img/w.jpg" publishTime="03/12/2010 09:40:24" />
    <file relUrl="DisplayImg.aspx" publishTime="05/12/2010 18:52:35" />
    <file relUrl="Css/global-0.25.css" publishTime="03/22/2010 17:59:55" />
    <file relUrl="img/fancy_shadow_se.png" publishTime="03/28/2010 19:48:55" />
    <file relUrl="bin/WebLibrary.xml" publishTime="03/08/2010 16:41:30" />
    <file relUrl="img/scroll_left.png" publishTime="03/29/2010 13:51:11" />
    <file relUrl="Css/override.css" publishTime="03/29/2010 10:54:17" />
    <file relUrl="ifrImg.aspx" publishTime="05/12/2010 14:58:59" />
    <file relUrl="img/fancy_shadow_n.png" publishTime="03/28/2010 19:48:55" />
    <file relUrl="bin/WebUpLoads.xml" publishTime="05/12/2010 19:01:11" />
    <file relUrl="schPolicy.aspx" publishTime="05/12/2010 09:54:51" />
    <file relUrl="img/vert_large.png" publishTime="03/24/2010 20:05:21" />
    <file relUrl="bin/WebUpLoads.dll" publishTime="05/12/2010 19:01:11" />
    <file relUrl="Css/menu.css" publishTime="04/01/2010 13:04:41" />
    <file relUrl="DMSMaster.Master" publishTime="05/11/2010 16:42:34" />
    <file relUrl="bin/WebUpLoads.XmlSerializers.dll" publishTime="03/24/2010 16:27:18" />
    <file relUrl="img/fancy_loading.png" publishTime="03/28/2010 19:48:55" />
  </publishTarget>
  <publishTarget publishUrl="D:\">
    <file relUrl="img/fancy_nav_left.png" publishTime="03/28/2010 19:48:55" />
    <file relUrl="img/blank.gif" publishTime="03/28/2010 19:48:55" />
    <file relUrl="Js/jquery-1.4.1.min.js" publishTime="03/22/2010 17:59:17" />
    <file relUrl="img/fancy_title_main.png" publishTime="03/28/2010 19:48:55" />
    <file relUrl="img/ha-down.gif" publishTime="04/01/2010 11:13:31" />
    <file relUrl="Css/scrollable-horizontal.css" publishTime="03/24/2010 20:19:26" />
    <file relUrl="ClaimsList.aspx" publishTime="05/10/2010 14:21:29" />
    <file relUrl="Js/jquery.hoveraccordion.min.js" publishTime="04/01/2010 11:13:20" />
    <file relUrl="Css/scrollable-buttons.css" publishTime="03/24/2010 20:22:08" />
    <file relUrl="schUnderwite.aspx" publishTime="05/12/2010 09:54:51" />
    <file relUrl="Js/jquery.js" publishTime="04/01/2010 11:13:20" />
    <file relUrl="img/fancy_shadow_s.png" publishTime="03/28/2010 19:48:55" />
    <file relUrl="img/file_deleted.gif" publishTime="03/16/2010 17:07:18" />
    <file relUrl="Css/style.css" publishTime="03/22/2010 17:59:55" />
    <file relUrl="img/zip.jpg" publishTime="03/12/2010 09:40:24" />
    <file relUrl="index.aspx" publishTime="04/01/2010 15:59:48" />
    <file relUrl="Web.config" publishTime="03/31/2010 14:10:44" />
    <file relUrl="img/fancy_close.png" publishTime="03/28/2010 19:48:55" />
    <file relUrl="img/fancy_title_over.png" publishTime="03/28/2010 19:48:55" />
    <file relUrl="schAllUnderwite.aspx" publishTime="05/12/2010 09:54:51" />
    <file relUrl="addUnderwite.aspx" publishTime="05/10/2010 16:39:22" />
    <file relUrl="img/scroll_right.png" publishTime="03/29/2010 13:51:11" />
    <file relUrl="Upload.aspx" publishTime="05/12/2010 13:59:55" />
    <file relUrl="img/fancy_shadow_sw.png" publishTime="03/28/2010 19:48:55" />
    <file relUrl="img/fancy_title_right.png" publishTime="03/28/2010 19:48:55" />
    <file relUrl="Css/display.css" publishTime="05/11/2010 11:47:17" />
    <file relUrl="bin/WebUpLoads.pdb" publishTime="05/12/2010 15:50:36" />
    <file relUrl="ifrUpLoads.aspx" publishTime="05/12/2010 11:29:24" />
    <file relUrl="img/hori_large.png" publishTime="03/24/2010 20:05:21" />
    <file relUrl="Js/jquery.blockUI.js" publishTime="03/08/2010 10:15:14" />
    <file relUrl="img/fancy_shadow_w.png" publishTime="03/28/2010 19:48:55" />
    <file relUrl="Js/j4d.js" publishTime="03/29/2010 13:42:51" />
    <file relUrl="img/Switchuser.png" publishTime="03/30/2010 20:16:43" />
    <file relUrl="Js/jquery.tools.min.js" publishTime="03/22/2010 17:59:17" />
    <file relUrl="ifrDisplay.aspx" publishTime="03/22/2010 18:11:59" />
    <file relUrl="Css/jquery.fancybox-1.3.0.css" publishTime="03/28/2010 19:48:58" />
    <file relUrl="img/banner2.jpg" publishTime="03/16/2010 17:36:09" />
    <file relUrl="bin/ResizeImage.xml" publishTime="02/25/2010 17:04:56" />
    <file relUrl="Js/jquery.mousewheel-3.0.2.pack.js" publishTime="03/22/2010 17:59:17" />
    <file relUrl="Js/urchin.js" publishTime="03/29/2010 11:15:46" />
    <file relUrl="Css/structure.css" publishTime="03/29/2010 13:29:50" />
    <file relUrl="Js/jquery.fancybox-1.3.0.pack.js" publishTime="03/22/2010 17:59:17" />
    <file relUrl="bin/ResizeImage.dll" publishTime="02/25/2010 17:04:56" />
    <file relUrl="Css/colours.css" publishTime="03/29/2010 13:42:51" />
    <file relUrl="Js/prettify.js" publishTime="03/29/2010 11:15:46" />
    <file relUrl="img/folder_create.gif" publishTime="03/15/2010 11:27:07" />
    <file relUrl="img/fancy_shadow_nw.png" publishTime="03/28/2010 19:48:55" />
    <file relUrl="img/LMG-Insurance3.gif" publishTime="03/30/2010 10:43:58" />
    <file relUrl="img/fancy_shadow_e.png" publishTime="03/28/2010 19:48:55" />
    <file relUrl="Js/jquery.min.js" publishTime="03/29/2010 11:15:46" />
    <file relUrl="Css/j4d.css" publishTime="03/29/2010 13:52:28" />
    <file relUrl="img/p.jpg" publishTime="03/12/2010 09:40:24" />
    <file relUrl="Css/base.css" publishTime="03/29/2010 10:54:17" />
    <file relUrl="bin/ResizeImage.pdb" publishTime="02/25/2010 17:04:56" />
    <file relUrl="bin/WebLibrary.pdb" publishTime="03/08/2010 16:41:30" />
    <file relUrl="Js/jquery.MetaData.js" publishTime="03/08/2010 10:15:14" />
    <file relUrl="Js/jquery.MultiFile.js" publishTime="05/11/2010 11:38:45" />
    <file relUrl="Css/scrollable-navigator.css" publishTime="03/22/2010 17:59:55" />
    <file relUrl="img/pdf.jpg" publishTime="03/12/2010 09:40:24" />
    <file relUrl="Css/text.css" publishTime="03/29/2010 10:54:17" />
    <file relUrl="img/fancy_shadow_ne.png" publishTime="03/28/2010 19:48:55" />
    <file relUrl="menuDMS.aspx" publishTime="05/12/2010 09:51:59" />
    <file relUrl="img/ha-up.gif" publishTime="04/01/2010 11:13:31" />
    <file relUrl="img/fancy_nav_right.png" publishTime="03/28/2010 19:48:55" />
    <file relUrl="Js/chkKey.js" publishTime="03/24/2010 20:10:57" />
    <file relUrl="bin/WebLibrary.dll" publishTime="03/08/2010 16:41:30" />
    <file relUrl="img/Shutdown.png" publishTime="03/30/2010 20:16:43" />
    <file relUrl="img/x.jpg" publishTime="03/12/2010 09:40:24" />
    <file relUrl="Js/carousel.js" publishTime="03/29/2010 13:53:39" />
    <file relUrl="ifrMoveFile.aspx" publishTime="05/11/2010 17:49:47" />
    <file relUrl="img/fancy_title_left.png" publishTime="03/28/2010 19:48:55" />
    <file relUrl="img/w.jpg" publishTime="03/12/2010 09:40:24" />
    <file relUrl="DisplayImg.aspx" publishTime="05/12/2010 14:59:01" />
    <file relUrl="Css/global-0.25.css" publishTime="03/22/2010 17:59:55" />
    <file relUrl="img/fancy_shadow_se.png" publishTime="03/28/2010 19:48:55" />
    <file relUrl="bin/WebLibrary.xml" publishTime="03/08/2010 16:41:30" />
    <file relUrl="img/scroll_left.png" publishTime="03/29/2010 13:51:11" />
    <file relUrl="Css/override.css" publishTime="03/29/2010 10:54:17" />
    <file relUrl="ifrImg.aspx" publishTime="05/12/2010 14:58:59" />
    <file relUrl="img/fancy_shadow_n.png" publishTime="03/28/2010 19:48:55" />
    <file relUrl="bin/WebUpLoads.xml" publishTime="05/12/2010 15:50:36" />
    <file relUrl="schPolicy.aspx" publishTime="05/12/2010 09:54:51" />
    <file relUrl="img/vert_large.png" publishTime="03/24/2010 20:05:21" />
    <file relUrl="bin/WebUpLoads.dll" publishTime="05/12/2010 15:50:36" />
    <file relUrl="Css/menu.css" publishTime="04/01/2010 13:04:41" />
    <file relUrl="DMSMaster.Master" publishTime="05/11/2010 16:42:34" />
    <file relUrl="bin/WebUpLoads.XmlSerializers.dll" publishTime="03/24/2010 16:27:18" />
    <file relUrl="img/fancy_loading.png" publishTime="03/28/2010 19:48:55" />
  </publishTarget>
</publishData>